"id";"product_name";"product_description";"product_unit_price";"product_category_id
"1";"Lizz McComb @ Hôtel des Invalides - 9 sept.";"Accompagnée par un orchestre symphonique, la chanteuse Liz McComb interprète des œuvres de Gershwin, Ellington, Kern et bien d'autres dans la Cour d'honneur des Invalides.

Le choc de deux musiques fondamentales nées au 17e siècle mais qui s’étaient rarement croisées...

Avec les grands airs de Porgy & Bess et des Spirituals en version symphonique, l'authenticité de la musique noire américaine rencontre les splendeurs de l'art symphonique européen en clôture des Opéras en Plein Air.";"34";"2"
"2";"Récital Arthur Haftman @ Cathédrale américaine - 16 sept.";"Récital de piano par Artur Haftman, au programme : œuvres de Chopin et Ravel.";"13";"5"
"3";"Boston Symphony Orchestra @ Salle Pierre Boulez - 15 sept.";"Programme : Boston Symphony Orchestra, dir. Andris Nelsons, Chœur de femmes de Radio France, Maîtrise de Radio France et Susan Graham (mezzo-soprano), au programme : Symphonie n°3 de Mahler.

Ce concert est proposé dans le cadre du week-end consacré à Boston. Sous la baguette du chef letton Andris Nelsons, le Boston Symphony Orchestra interprète l'imposante Symphonie n°3 de Gustav Mahler.";"120";"5"
"4";"Death Grips @ Elysée Montmartre - 8 sept.";"Death Grips est un groupe de hip-hop américain, originaire de Sacramento en Californie. La musique du groupe est considérée comme un mélange de punk rock, de hip-hop et musique bruitiste.";"28,5";"1"
"5";"Kamelot @ Elysée Montmartre - 15 sept.";"Kamelot est un groupe de power metal américain, originaire de Tampa, en Floride. Il est initialement fondé en 1991 par le guitariste Thomas Youngblood et le batteur Richard Warner.";"35";"1"
"6";"Ellen Birath & The Shadow Cats @ Caveau de la Huchette - 19 sept.";"Cela fait déjà quelques années qu’Ellen Birath, avec sa voix bluesy et son look façon Emma Peel, charme les scènes parisiennes. Celle du Coolin –aujourd'hui disparu, où elle a fait ses débuts–, du Cercle Suédois, puis du O’Sullivans (près des Champs-Elysées) et du Long-Hop (au métro Maubert-Mutualité), ainsi que du Caveau de La Huchette et du Jazz Café Montparnasse, deux clubs où l’on peut l’entendre très régulièrement avec son groupe, The Shadow Cats.";"20";"2"
"7";"Le Crépuscule des Dieux - Wagner @ Salle Pierre Boulez - 23 sept.";"« Le Crépuscule des dieux » opéra en trois actes de Wagner, Orchestre et Chœur du Théâtre Mariinsky, dir. Valery Gergiev, et solistes.";"85";"5"
"8";"Ben Caplan @ Les Étoiles Paris - 23 sept.";"Ben Caplan est un auteur, compositeur et interprète canadien, originaire d'Halifax. Il est parfois accompagné de son groupe, The Casual smokers. Le style musical va de la ballade folk à la musique fortement inspirée du klezmer.";"21";"1"
"9";"Julien Baker European Tour @ La Maroquinerie - 22 sept.";"Julien Rose Baker est une auteure-compositrice-interprète et guitariste américaine de Memphis, Tennessee. Elle fait partie de Forrister, un groupe de rock alternatif. Elle s'est également lancée en solo";"18";"1"
"10";"Récital Raphaël Moraly @ Fondation de l'Allemagne - 16 sept.";"Récital de violoncelle par Raphaël Moraly, au programme : Suites n°4, 5 et 6 de J.-S. Bach.";"12";"5
"11";"Orelsan Tour 2018 @ AccorHotel Arena - 6 déc.";"ASTERIOS SPECTACLES (L2-7502283/3-750228) présente ce concert. Avec Skyrock

ORELSAN EN TOURNÉE

2009 : Tournée « Perdu d’avance »
2012 : Tournée « Le Chant des Sirènes »
2014 : Tournée « Casseurs Flowters »
2016 : Tournée « Comment c'est Loin »
2018 : Nouvelle Tournée";"42";"3
12";"$UICIDEBOY$ @ La Bellevilloise - 29 août";"$UICIDEBOY$ est de retour à Paris pour un concert exceptionnel le 29 août à la Bellevilloise. Ne vous laissez pas tromper pas le nom. $UICIDEBOY$ offre une musique de haute qualité sur une base efficace et créative, et alors que le sujet à tendance à favoriser l’esthétique de l’horreur, il ne manque jamais d’être livré avec intégrité.";"29";"3"
